<?xml version="1.0" encoding="utf-8" ?>
<NEKTAR>  
    <EXPANSIONS>     
        <E COMPOSITE="C[1]" NUMMODES="5" TYPE="MODIFIED" FIELDS="u" />
        <E COMPOSITE="C[2]" NUMMODES="5" TYPE="MODIFIED" FIELDS="u" />
        <E COMPOSITE="C[3]" NUMMODES="5" TYPE="MODIFIED" FIELDS="u" />
    </EXPANSIONS>
    <CONDITIONS>
        <SOLVERINFO>
            <!-- Defines the equation type. -->
            <I PROPERTY="EQTYPE"                VALUE="UnsteadyAdvectionDiffusion" /> 
            <!-- Add the projection method here. -->
            <I PROPERTY="Projection"            VALUE="Continuous"        />
            <!-- Defines a 2nd order implicit-explicit time integration scheme. -->
            <I PROPERTY="TimeIntegrationMethod" VALUE="IMEXOrder2"      />
            <!-- Defines the advancement for diffusion/advection. -->
            <I PROPERTY="DiffusionAdvancement"  VALUE="Implicit"          />
            <I PROPERTY="AdvectionAdvancement"  VALUE="Explicit"          />
        </SOLVERINFO>
        
        <PARAMETERS>
            <P> FinTime         = 1.     </P> <!-- Simulation final time -->
            <P> TimeStep        = 0.005  </P> <!-- Time step -->
            <P> epsilon         = 0.01   </P> <!-- Diffusion coefficent   -->
            <P> IO_InfoSteps    = 10     </P> <!-- Frequency of printing information for the user -->
            <P> IO_CheckSteps   = 20     </P> <!-- Frequency of writing the checkpoints, the results -->
            <P> advx            = 2.0    </P> <!-- x-advection velocity -->
            <P> advy            = 1.0    </P> <!-- y-advection velocity -->
        </PARAMETERS>
        
        <!-- setting the variable -->
        <VARIABLES>
            <V ID="0"> u </V>
        </VARIABLES>
        
        <!-- Defining boundary regions -->
        <BOUNDARYREGIONS>
            <B ID="0"> C[100] </B>  <!-- Bottom -->
            <B ID="1"> C[200] </B>  <!-- Right  -->
            <B ID="2"> C[300] </B>  <!-- Top    -->
            <B ID="3"> C[400] </B>  <!-- Left   -->
        </BOUNDARYREGIONS>

        <BOUNDARYCONDITIONS>
            <!-- Bottom -->
            <REGION REF="0">
                <P VAR="u" VALUE="[2]" />
            </REGION>
            <!-- Right -->
            <REGION REF="1">
                <P VAR="u" VALUE="[3]" />
            </REGION>
            <!-- Top -->
            <REGION REF="2">
                <P VAR="u" VALUE="[0]" />
            </REGION>
            <!-- Left -->
            <REGION REF="3">
                <P VAR="u" VALUE="[1]" />
            </REGION>
        </BOUNDARYCONDITIONS>
        
        <!-- Defines the advection velocity -->
        <FUNCTION NAME="AdvectionVelocity">
            <E VAR="Vx" VALUE="advx" />
            <E VAR="Vy" VALUE="advy" />
        </FUNCTION>
        
        <!-- Defines the intiial  solution. -->
        <FUNCTION NAME="InitialConditions">
            <E VAR="u"  VALUE="sin(2*PI*x)*sin(2*PI*y)" />
        </FUNCTION>

        <!-- Defines the exact solution. -->
        <FUNCTION NAME="ExactSolution">
            <E VAR="u"  VALUE="exp(-epsilon*8*PI*PI*FinTime)*sin(2*PI*(x-advx*FinTime))*sin(2*PI*(y-advy*FinTime))" />
        </FUNCTION>
    </CONDITIONS>
</NEKTAR>