<?xml version="1.0" encoding="utf-8" ?>
<NEKTAR>
    <GEOMETRY DIM="2" SPACE="2">
        <VERTEX COMPRESSED="B64Z-LittleEndian" BITSIZE="64">eJxjYEAGH/aj0gwMjKjy9ujyTNjl7WEizNjNh8sDAOT2C38A</VERTEX>
        <EDGE COMPRESSED="B64Z-LittleEndian" BITSIZE="64">eJxjYEAFjDhoJhw0Mw4aBgADMAAT</EDGE>
        <ELEMENT>
            <Q COMPRESSED="B64Z-LittleEndian" BITSIZE="64">eJxjYEAFjFCaCUozQ2kAAHgABwAA</Q>
        </ELEMENT>
        <COMPOSITE>
            <C ID="1"> Q[0] </C>
            <C ID="100"> E[0] </C>
            <C ID="200"> E[1] </C>
            <C ID="300"> E[2] </C>
            <C ID="400"> E[3] </C>
        </COMPOSITE>
        <DOMAIN> C[1] </DOMAIN>
    </GEOMETRY>
    <Metadata>
        <Provenance>
            <GitBranch>refs/heads/master</GitBranch>
            <GitSHA1>9bd3c63b7e30f5f7fd9fddd65eb11b9413df94b4</GitSHA1>
            <Hostname>ZBOOK</Hostname>
            <NektarVersion>5.2.0</NektarVersion>
            <Timestamp>15-Feb-2022 11:10:43</Timestamp>
        </Provenance>
        <NekMeshCommandLine>advDiffErr.msh mesh-1elmnt.xml </NekMeshCommandLine>
    </Metadata>
    <EXPANSIONS>
        <E COMPOSITE="C[1]" NUMMODES="4" TYPE="MODIFIED" FIELDS="u" />
    </EXPANSIONS>
</NEKTAR>
