<?xml version="1.0" encoding="utf-8" ?>
<NEKTAR>
    <GEOMETRY DIM="2" SPACE="2">
        <VERTEX COMPRESSED="B64Z-LittleEndian" BITSIZE="64">eJxjYEAGH/aj0gwMjMi0YcdedHkmZO1eSrsZ0AAzmvlQc2xhIiyo5kPFP9jD5Fmxuw8uz4Yqb4/uPnY0eVR/MDBwYNcPNx8AKcQXXAAA</VERTEX>
        <EDGE COMPRESSED="B64Z-LittleEndian" BITSIZE="64">eJxjYEAFjDhoJhw0Mw4aBljQ1MP4rDj4bGh8mHnsaO6BqeNA48PUcaLxYfZzoYnD9HOj8WHuAgBAqACe</EDGE>
        <ELEMENT>
            <Q COMPRESSED="B64Z-LittleEndian" BITSIZE="64">eJxjYEAFjFCaCUoz4xBngdKsUJoNTZ4dSnNAaU40c5jRxLmgNDea+QAUwABZ</Q>
        </ELEMENT>
        <COMPOSITE>
            <C ID="1"> Q[0-3] </C>
            <C ID="100"> E[0,7] </C>
            <C ID="200"> E[8,10] </C>
            <C ID="300"> E[11,5] </C>
            <C ID="400"> E[6,3] </C>
        </COMPOSITE>
        <DOMAIN> C[1] </DOMAIN>
    </GEOMETRY>
    <Metadata>
        <Provenance>
            <GitBranch>refs/heads/master</GitBranch>
            <GitSHA1>9bd3c63b7e30f5f7fd9fddd65eb11b9413df94b4</GitSHA1>
            <Hostname>ZBOOK</Hostname>
            <NektarVersion>5.2.0</NektarVersion>
            <Timestamp>15-Feb-2022 11:11:32</Timestamp>
        </Provenance>
        <NekMeshCommandLine>advDiffErr.msh mesh-4elmnt.xml </NekMeshCommandLine>
    </Metadata>
    <EXPANSIONS>
        <E COMPOSITE="C[1]" NUMMODES="4" TYPE="MODIFIED" FIELDS="u" />
    </EXPANSIONS>
</NEKTAR>
