<?xml version="1.0" encoding="utf-8" ?>
<NEKTAR>  
    <EXPANSIONS>     
        <E COMPOSITE="C[1]" NUMMODES="" TYPE="MODIFIED" FIELDS="u" />
        <E COMPOSITE="C[2]" NUMMODES="" TYPE="MODIFIED" FIELDS="u" />
        <E COMPOSITE="C[3]" NUMMODES="" TYPE="MODIFIED" FIELDS="u" />
    </EXPANSIONS>
    <CONDITIONS>
        <SOLVERINFO>
            <!-- Defines the equation type. -->
            <I PROPERTY="EQTYPE"                VALUE=""   /> 
            <!-- Add the projection method here. -->
        </SOLVERINFO>
        
        <!-- setting the variable -->
        <VARIABLES>
            <V ID="0"> u </V>
        </VARIABLES>
        
        <!-- Defining boundary regions -->
        <BOUNDARYREGIONS>
            <B ID="0"> C[200] </B>  <!-- Right  -->
            <B ID="1"> C[400] </B>  <!-- Left   -->
            <!-- Insert a top/bottom composite here -->
        </BOUNDARYREGIONS>
        
        <BOUNDARYCONDITIONS>
            <!-- Right: Neumann condition -->
            <REGION REF="0"> 
                <N VAR="u"  VALUE="" />
            </REGION>

            <!-- Left: Neumann condition -->
            <REGION REF="1">
                <N VAR="u"  VALUE="" />
            </REGION>
            
            <!-- Bottom and top: add a Dirichlet condition here! -->
        </BOUNDARYCONDITIONS>

        <!-- Add the forcing function here. -->

        <!-- Defines the exact solution. -->
        <FUNCTION NAME="ExactSolution">
            <E VAR="u"  VALUE="sin(2*PI*x)*sin(2*PI*y)" />
        </FUNCTION>
    </CONDITIONS>
</NEKTAR>