"IntegrationTime","Points:0","Points:1","Points:2"
0,-5,0.5,0
0.92321,-4.7308,0.49998,0
4.0166,-3.8289,0.49986,0
7.8024,-2.7256,0.49962,0
9.4036,-2.2589,0.49948,0
10.769,-1.8609,0.49934,0
12.102,-1.4724,0.49917,0
13.231,-1.1434,0.49899,0
14.222,-0.85448,0.49879,0
15.052,-0.6127,0.49857,0
15.61,-0.44995,0.49839,0
16.205,-0.27643,0.49813,0
16.866,-0.084028,0.49776,0
17.328,0.050634,0.49744,0
17.944,0.22969,0.49698,0
18.409,0.36491,0.49664,0
18.926,0.51488,0.49629,0
19.43,0.66096,0.496,0
20.092,0.85285,0.49565,0
20.522,0.97762,0.49544,0
21.111,1.1483,0.49518,0
21.936,1.3871,0.49482,0
22.663,1.5977,0.49452,0
23.497,1.8391,0.49417,0
24.473,2.1215,0.49377,0
25.385,2.3852,0.49338,0
26.304,2.651,0.49297,0
27.093,2.8794,0.49262,0
27.911,3.1158,0.49224,0
29.002,3.4311,0.49173,0
29.898,3.6899,0.49129,0
31.036,4.0188,0.49072,0
32.523,4.4485,0.48994,0
33.816,4.8219,0.48924,0
35.481,5.3029,0.4883,0
37.146,5.784,0.48732,0
40.004,6.6095,0.48554,0
43.005,7.4768,0.48355,0
46.004,8.3441,0.48143,0
50.096,9.5285,0.47836,0
54.185,10.713,0.47509,0
58.025,11.826,0.47187,0
63.018,13.274,0.46748,0
68.469,14.854,0.46248,0
73.503,16.314,0.45773,0
77.027,17.335,0.45435,0
80.255,18.269,0.45125,0
83.48,19.203,0.44817,0
87.077,20.242,0.44479,0
89.288,20.881,0.44275,0
91.601,21.548,0.44066,0
94.537,22.395,0.4381,0
95.958,22.805,0.43689,0
98.568,23.557,0.43474,0
99.877,23.933,0.43372,0
101.51,24.402,0.43254,0
103.51,24.979,0.43127,0
105.35,25.508,0.43019,0
106.42,25.815,0.4295,0
107.53,26.134,0.42865,0
108.9,26.525,0.42749,0
109.55,26.714,0.42696,0
110.56,27,0.42639,0
111.44,27.253,0.4263,0
112.23,27.478,0.42662,0
113.03,27.707,0.42732,0
113.6,27.87,0.42795,0
114.04,27.997,0.42846,0
114.6,28.159,0.42902,0
115.38,28.385,0.42942,0
116,28.566,0.42924,0
116.56,28.728,0.42856,0
117.12,28.89,0.42733,0
117.71,29.062,0.42536,0
118.2,29.201,0.4233,0
118.74,29.356,0.42064,0
119.14,29.47,0.41859,0
119.66,29.614,0.41619,0
120.11,29.741,0.4147,0
120.67,29.893,0.41422,0
121.09,30.008,0.41493,0
121.55,30.137,0.41655,0
122.24,30.326,0.41957,0
122.99,30.537,0.42293,0
123.38,30.648,0.4246,0
123.72,30.745,0.42598,0
124.07,30.844,0.42734,0
124.46,30.956,0.4288,0
125.14,31.153,0.43123,0
125.8,31.343,0.4334,0
126.41,31.52,0.4353,0
127.19,31.749,0.43762,0
127.69,31.894,0.43901,0
128.37,32.093,0.44083,0
129.1,32.307,0.44269,0
129.75,32.499,0.44429,0
130.61,32.752,0.44629,0
131.67,33.064,0.44862,0
133.06,33.475,0.45148,0
134.39,33.871,0.45405,0
135.55,34.213,0.45614,0
136.61,34.529,0.45797,0
138.26,35.018,0.46066,0
140.07,35.557,0.46341,0
142.41,36.249,0.46668,0
144.81,36.962,0.46978,0
147.08,37.635,0.47248,0
149.23,38.272,0.47488,0
151.18,38.85,0.47694,0
153.13,39.427,0.47888,0
155.1,40.007,0.48073,0
157.07,40.59,0.48249,0
159.06,41.175,0.48418,0
161.05,41.76,0.48579,0
163.05,42.347,0.48733,0
165.06,42.937,0.48881,0
167.08,43.527,0.49022,0
169.1,44.12,0.49159,0
171.14,44.715,0.4929,0
173.18,45.31,0.49416,0
175.23,45.908,0.49537,0
177.3,46.508,0.49654,0
179.36,47.109,0.49767,0
181.44,47.711,0.49877,0
183.53,48.317,0.49982,0
185.62,48.922,0.50084,0
187.72,49.531,0.50183,0
189.84,50.141,0.50279,0
191.95,50.752,0.50371,0
194.08,51.365,0.50461,0
196.22,51.982,0.50549,0
198.37,52.598,0.50633,0
200.52,53.216,0.50716,0
202.69,53.838,0.50796,0
204.86,54.459,0.50874,0
205.44,54.625,0.50894,0

0,2,-0.7,0
2.6315,1.9626,-0.69151,0
5.3039,1.9253,-0.68269,0
8.0184,1.8881,-0.67354,0
14.582,1.7999,-0.65028,0
27.758,1.6323,-0.59836,0
41.963,1.4725,-0.53527,0
54.974,1.3496,-0.47119,0
65.309,1.272,-0.41676,0
72.375,1.2317,-0.37873,0
79.207,1.2038,-0.34118,0
86.591,1.1888,-0.30059,0
92.944,1.1906,-0.26846,0
100.07,1.2078,-0.23675,0
106.48,1.2372,-0.21072,0
111.35,1.2706,-0.19155,0
116.01,1.3124,-0.17399,0
120.34,1.3613,-0.1583,0
127.83,1.464,-0.13429,0
133.92,1.5734,-0.11592,0
140.52,1.7178,-0.097779,0
146.6,1.8781,-0.082434,0
152.39,2.0562,-0.069034,0
157.48,2.2344,-0.05815,0
162.55,2.4315,-0.048151,0
167.17,2.6286,-0.039699,0
171.92,2.848,-0.031649,0
176.84,3.0922,-0.023959,0
181.42,3.3364,-0.017303,0
186.24,3.6085,-0.01084,0
190.79,3.8806,-0.0051791,0
195.61,4.1838,0.00036831,0
200.75,4.5236,0.0058088,0
205.66,4.8634,0.010578,0
210.9,5.242,0.015239,0
216.51,5.664,0.019762,0
221.89,6.0861,0.023692,0
227.68,6.5567,0.027485,0
233.27,7.0272,0.030751,0
239.32,7.5521,0.033862,0
245.86,8.1377,0.036766,0
252.2,8.7234,0.039157,0
259.08,9.3768,0.041301,0
265.79,10.03,0.042965,0
273.09,10.76,0.044329,0
281.06,11.574,0.045318,0
288.85,12.388,0.045817,0
297.37,13.296,0.045873,0
305.73,14.205,0.04547,0
314.9,15.219,0.044555,0
321.3,15.939,0.043649,0
327.63,16.658,0.042556,0
333.45,17.325,0.041396,0
338.81,17.943,0.040208,0
344.13,18.562,0.038927,0
349.04,19.135,0.037665,0
353.58,19.667,0.036441,0
358.09,20.199,0.03517,0
362.26,20.693,0.033958,0
366.42,21.186,0.032724,0
370.27,21.644,0.031571,0
373.83,22.069,0.030502,0
377.39,22.493,0.029425,0
380.68,22.888,0.028399,0
383.73,23.254,0.027406,0
386.78,23.62,0.026379,0
389.61,23.959,0.025444,0
392.24,24.275,0.02468,0
394.86,24.59,0.024122,0
397.3,24.883,0.023854,0
399.55,25.156,0.023797,0
401.8,25.428,0.023785,0
403.88,25.681,0.02358,0
405.81,25.917,0.022968,0
407.74,26.152,0.021729,0
409.54,26.372,0.019927,0
411.35,26.591,0.017618,0
413.06,26.795,0.015366,0
414.66,26.985,0.01371,0
416.29,27.175,0.01312,0
417.81,27.353,0.014059,0
419.22,27.518,0.016474,0
420.52,27.673,0.019996,0
421.8,27.827,0.024407,0
422.97,27.972,0.028894,0
424.04,28.107,0.032989,0
425.08,28.243,0.036595,0
426.04,28.37,0.03923,0
426.92,28.49,0.040821,0
427.8,28.609,0.041363,0
428.61,28.721,0.040752,0
429.38,28.827,0.039033,0
430.11,28.928,0.036247,0
430.85,29.028,0.032172,0
431.55,29.123,0.026939,0
432.24,29.212,0.020528,0
432.9,29.298,0.012877,0
433.59,29.383,0.0034031,0
434.27,29.464,-0.0077525,0
434.9,29.534,-0.019479,0
435.52,29.599,-0.033016,0
436.17,29.661,-0.04893,0
436.88,29.722,-0.06934,0
437.69,29.779,-0.097623,0
438.61,29.825,-0.13814,0
439.68,29.853,-0.19417,0
440.64,29.865,-0.25589,0
441.54,29.869,-0.32297,0
442.4,29.869,-0.3951,0
443.28,29.865,-0.47278,0
444.15,29.858,-0.55023,0
445.1,29.847,-0.63369,0
446.17,29.83,-0.72364,0
447.3,29.807,-0.81231,0
448.53,29.777,-0.90023,0
449.75,29.742,-0.9784,0
451.09,29.698,-1.0539,0
452.41,29.649,-1.1187,0
453.76,29.594,-1.1746,0
455.19,29.53,-1.224,0
456.55,29.463,-1.2617,0
457.93,29.389,-1.2913,0
459.23,29.312,-1.312,0
460.5,29.23,-1.3262,0
461.69,29.147,-1.3347,0
462.87,29.059,-1.339,0
464.07,28.966,-1.3398,0
465.23,28.873,-1.3377,0
466.46,28.774,-1.3327,0
467.77,28.67,-1.3248,0
469.19,28.56,-1.3136,0
470.66,28.45,-1.2995,0
472.29,28.333,-1.2813,0
474.17,28.208,-1.2579,0
476.17,28.083,-1.2307,0
478.45,27.95,-1.1982,0
481.11,27.807,-1.1604,0
484,27.665,-1.1225,0
487.35,27.511,-1.0861,0
491.05,27.354,-1.0586,0
495.02,27.194,-1.0451,0
499.06,27.039,-1.0463,0
503.34,26.88,-1.0593,0
507.89,26.713,-1.0807,0
512.43,26.547,-1.1046,0
517.48,26.359,-1.1295,0
523.25,26.139,-1.1521,0
528.86,25.919,-1.1664,0
534.73,25.681,-1.1739,0
540.49,25.444,-1.1754,0
546.64,25.189,-1.1731,0
553.27,24.915,-1.1688,0
559.95,24.641,-1.1649,0
567.21,24.346,-1.1621,0
575.08,24.03,-1.1609,0
583,23.713,-1.161,0
591.53,23.372,-1.1614,0
600.06,23.031,-1.1617,0
609.25,22.663,-1.1614,0
619.15,22.268,-1.1606,0
629.07,21.873,-1.1596,0
639.78,21.447,-1.1584,0
651.37,20.988,-1.1571,0
663,20.529,-1.1559,0
675.57,20.035,-1.1545,0
688.2,19.54,-1.153,0
701.87,19.008,-1.1512,0
716.69,18.433,-1.1492,0
731.6,17.859,-1.147,0
747.77,17.24,-1.1444,0
764.07,16.621,-1.1417,0
781.79,15.953,-1.1384,0
801.07,15.233,-1.1346,0
820.57,14.514,-1.1304,0
848.4,13.499,-1.1238,0
876.77,12.484,-1.1162,0
902.74,11.575,-1.1082,0
926.53,10.76,-1.1001,0
950.87,9.9452,-1.0908,0
973.24,9.2148,-1.0812,0
993.82,8.5601,-1.0713,0
1014.9,7.9054,-1.06,0
1034.4,7.3184,-1.0484,0
1052.4,6.792,-1.0365,0
1070.9,6.2656,-1.0229,0
1088.1,5.7934,-1.0088,0
1104,5.3695,-0.9943,0
1120.5,4.9445,-0.97762,0
1135.9,4.5627,-0.96032,0
1150.3,4.2192,-0.94242,0
1165.2,3.8759,-0.92175,0
1179.3,3.567,-0.90013,0
1192.5,3.2886,-0.87757,0
1206.4,3.0083,-0.85106,0
1219.7,2.7551,-0.82291,0
1232.4,2.5259,-0.79298,0
1245.8,2.2976,-0.7576,0
1258.8,2.091,-0.7192,0
1271.6,1.9039,-0.67728,0
1285.3,1.7191,-0.62646,0
1299,1.5533,-0.56902,0
1312.8,1.4098,-0.50461,0
1325,1.306,-0.44225,0
1333.4,1.2503,-0.39716,0
1340.5,1.2156,-0.35842,0
1347.1,1.1953,-0.32244,0
1355.3,1.1891,-0.27845,0
1362.7,1.2029,-0.24398,0
1368.7,1.2267,-0.219,0
1373.4,1.2546,-0.20027,0
1378.7,1.2972,-0.18005,0
1382.5,1.3369,-0.16587,0

0,13,-0.5,0
13.61,12.818,-0.48958,0
28.663,12.637,-0.47766,0
55.742,12.351,-0.45357,0
80.045,12.17,-0.42961,0
122.99,12.168,-0.37635,0
168.36,12.349,-0.35383,0
191.59,12.53,-0.33989,0
212.19,12.744,-0.32755,0
236.38,13.052,-0.3138,0
265.75,13.509,-0.29836,0
319.23,14.524,-0.27509,0
360.22,15.538,-0.25992,0
384.93,16.257,-0.25212,0
406,16.924,-0.24644,0
425.79,17.591,-0.24194,0
443.21,18.21,-0.23864,0
458.73,18.784,-0.23619,0
473.76,19.358,-0.23426,0
487.3,19.89,-0.23288,0
500.54,20.422,-0.23185,0
512.58,20.916,-0.23116,0
523.57,21.374,-0.2307,0
534.4,21.832,-0.23035,0
544.33,22.257,-0.23012,0
553.43,22.651,-0.23004,0
562.45,23.046,-0.23024,0
570.77,23.412,-0.23081,0
578.47,23.752,-0.23163,0
586.16,24.092,-0.23244,0
593.32,24.408,-0.23263,0
599.93,24.701,-0.23175,0
606.47,24.995,-0.22952,0
612.39,25.267,-0.22649,0
618.14,25.54,-0.22344,0
623.31,25.794,-0.22191,0
628.03,26.03,-0.223,0
632.77,26.266,-0.22785,0
637.32,26.485,-0.23677,0
641.89,26.689,-0.24936,0
647.01,26.893,-0.26537,0
652.68,27.083,-0.27959,0
658.99,27.261,-0.2834,0
665.2,27.427,-0.2719,0
670.53,27.592,-0.24991,0
674.44,27.745,-0.2264,0
677.4,27.889,-0.20522,0
679.88,28.031,-0.18667,0
681.91,28.165,-0.17208,0
683.64,28.29,-0.16115,0
685.25,28.416,-0.15301,0
686.69,28.533,-0.14804,0
688,28.644,-0.14587,0
689.29,28.755,-0.1463,0
690.49,28.859,-0.14938,0
691.64,28.958,-0.15501,0
692.8,29.056,-0.16382,0
693.94,29.148,-0.17585,0
695.06,29.235,-0.19161,0
696.19,29.316,-0.21203,0
697.4,29.394,-0.23992,0
698.74,29.467,-0.27916,0
700.18,29.527,-0.33166,0
701.77,29.569,-0.40039,0
703.45,29.59,-0.48342,0
705,29.592,-0.56924,0
706.55,29.578,-0.65983,0
708.13,29.546,-0.75312,0
709.67,29.499,-0.83962,0
711.24,29.435,-0.9179,0
712.7,29.363,-0.97875,0
714.17,29.279,-1.0273,0
715.56,29.19,-1.0612,0
716.96,29.093,-1.0839,0
718.29,28.995,-1.0961,0
719.62,28.891,-1.1001,0
720.98,28.783,-1.0965,0
722.39,28.67,-1.0856,0
723.86,28.551,-1.0672,0
725.36,28.434,-1.0421,0
726.97,28.312,-1.0088,0
728.74,28.185,-0.96609,0
730.62,28.061,-0.91623,0
732.69,27.937,-0.85863,0
735.06,27.811,-0.79299,0
738.08,27.673,-0.71563,0
741.96,27.527,-0.63428,0
747.01,27.375,-0.5654,0
752.04,27.254,-0.53433,0
758.15,27.12,-0.52713,0
763.72,26.996,-0.53932,0
771.09,26.814,-0.57361,0
776.01,26.67,-0.60528,0
781.09,26.506,-0.64035,0
786.03,26.331,-0.67214,0
792.11,26.105,-0.70194,0
798.04,25.877,-0.71828,0
804.01,25.649,-0.72278,0
809.62,25.439,-0.71924,0
816.81,25.178,-0.70919,0
824.83,24.898,-0.69689,0
833.13,24.619,-0.68707,0
842.23,24.319,-0.68093,0
852.08,23.997,-0.67859,0
861.93,23.675,-0.67855,0
872.49,23.33,-0.67892,0
883.83,22.958,-0.67844,0
895.2,22.587,-0.67673,0
907.52,22.187,-0.67394,0
919.94,21.788,-0.67071,0
933.42,21.358,-0.66711,0
948.08,20.896,-0.66318,0
962.91,20.434,-0.65906,0
979.09,19.936,-0.65425,0
996.77,19.401,-0.64856,0
1014.8,18.865,-0.64228,0
1034.6,18.288,-0.63484,0
1055,17.711,-0.62661,0
1077.6,17.089,-0.61673,0
1102.8,16.42,-0.6047,0
1129.4,15.751,-0.59093,0
1159.8,15.031,-0.57361,0
1192.8,14.31,-0.55283,0
1229.7,13.589,-0.52694,0
1275.2,12.835,-0.48986,0
1290.3,12.653,-0.47801,0
1307.3,12.472,-0.46392,0
1327.9,12.291,-0.44565,0
1356.2,12.113,-0.41069,0
1468.6,12.184,-0.36893,0
1503.5,12.364,-0.34973,0
1524.8,12.546,-0.33678,0
1548.4,12.803,-0.32291,0
1576.3,13.184,-0.30751,0
1604.3,13.656,-0.29312,0
1654.6,14.67,-0.27163,0
1694.2,15.685,-0.25741,0
1718.3,16.404,-0.25005,0
1738.9,17.071,-0.2447,0
1758.4,17.738,-0.24046,0
1775.6,18.357,-0.23736,0
1790.9,18.93,-0.23507,0
1805.8,19.504,-0.23328,0
1819.2,20.036,-0.232,0
1831.4,20.53,-0.23113,0
1843.3,21.024,-0.2305,0
1854.2,21.482,-0.23008,0
1864.2,21.907,-0.22978,0
1874.1,22.332,-0.22957,0
1883.2,22.726,-0.22954,0
1892.1,23.121,-0.22981,0
1900.4,23.487,-0.23046,0
1908.1,23.827,-0.23132,0
1915.8,24.167,-0.23205,0
1922.9,24.483,-0.23201,0
1929.5,24.776,-0.23081,0
1936,25.07,-0.22827,0
1941.8,25.342,-0.22513,0
1947.1,25.596,-0.22248,0
1952.2,25.85,-0.22145,0
1957,26.086,-0.22331,0
1961.4,26.305,-0.22865,0
1966,26.525,-0.23837,0
1970.6,26.729,-0.25167,0
1974.9,26.898,-0.26509,0
1980.6,27.088,-0.27907,0
1985.6,27.23,-0.28302,0
1991.5,27.387,-0.27517,0
1997.1,27.552,-0.25513,0
2001.2,27.706,-0.23198,0
2004.5,27.859,-0.20903,0
2007.1,28.001,-0.18996,0
2009.2,28.135,-0.17478,0
2011,28.269,-0.16253,0
2012.7,28.394,-0.15392,0
2014.1,28.512,-0.14848,0
2015.5,28.63,-0.14574,0
2016.8,28.741,-0.14583,0
2018,28.845,-0.14852,0
2019.2,28.943,-0.15373,0
2020.3,29.041,-0.16202,0
2021.4,29.134,-0.17341,0
2022.6,29.221,-0.18837,0
2023.7,29.302,-0.2077,0
2024.9,29.381,-0.23422,0
2026.2,29.456,-0.27119,0
2027.6,29.518,-0.32085,0
2029.2,29.564,-0.38716,0
2030.8,29.588,-0.4641,0
2032.3,29.593,-0.54974,0
2033.9,29.582,-0.64078,0
2035.5,29.554,-0.73508,0
2037.1,29.51,-0.82318,0
2038.6,29.449,-0.90378,0
2040.1,29.38,-0.96732,0
2041.6,29.297,-1.0189,0
2043,29.209,-1.0555,0
2044.3,29.117,-1.0798,0
2045.7,29.019,-1.0943,0
2047,28.915,-1.1002,0
2048.4,28.807,-1.0982,0
2049.8,28.693,-1.0888,0
2051.2,28.581,-1.0727,0
2052.7,28.463,-1.0493,0
2054.3,28.341,-1.0176,0
2056,28.213,-0.97662,0
2057.9,28.085,-0.92686,0
2060,27.96,-0.87011,0
2062.4,27.826,-0.8018,0
2065.4,27.688,-0.72485,0
2069.2,27.542,-0.64318,0
2074.1,27.391,-0.57232,0
2079.3,27.26,-0.53643,0
2084.5,27.146,-0.52765,0
2089.9,27.026,-0.53609,0
2094.9,26.905,-0.55587,0
2100.4,26.757,-0.58678,0
2106.7,26.564,-0.62891,0
2112.8,26.354,-0.66892,0
2118.9,26.128,-0.70009,0
2124.8,25.901,-0.7178,0
2127.7,25.788,-0.72191,0
